{
  "03_flights-74" : {
    "transaction" : "03_flights-74",
    "sampleCount" : 20,
    "errorCount" : 20,
    "errorPct" : 100.0,
    "meanResTime" : 21050.050000000003,
    "medianResTime" : 21053.5,
    "minResTime" : 21033.0,
    "maxResTime" : 21063.0,
    "pct1ResTime" : 21062.8,
    "pct2ResTime" : 21063.0,
    "pct3ResTime" : 21063.0,
    "throughput" : 0.17388582656627657,
    "receivedKBytesPerSec" : 0.44982769001373696,
    "sentKBytesPerSec" : 0.0
  },
  "01_launch-67" : {
    "transaction" : "01_launch-67",
    "sampleCount" : 20,
    "errorCount" : 20,
    "errorPct" : 100.0,
    "meanResTime" : 21056.4,
    "medianResTime" : 21055.5,
    "minResTime" : 21032.0,
    "maxResTime" : 21104.0,
    "pct1ResTime" : 21075.8,
    "pct2ResTime" : 21102.6,
    "pct3ResTime" : 21104.0,
    "throughput" : 0.17280409200089858,
    "receivedKBytesPerSec" : 0.4470293356546683,
    "sentKBytesPerSec" : 0.0
  },
  "01_launch" : {
    "transaction" : "01_launch",
    "sampleCount" : 20,
    "errorCount" : 20,
    "errorPct" : 100.0,
    "meanResTime" : 84195.79999999999,
    "medianResTime" : 84198.0,
    "minResTime" : 84136.0,
    "maxResTime" : 84268.0,
    "pct1ResTime" : 84246.3,
    "pct2ResTime" : 84267.05,
    "pct3ResTime" : 84268.0,
    "throughput" : 0.11166260028697288,
    "receivedKBytesPerSec" : 1.155446203750747,
    "sentKBytesPerSec" : 0.0
  },
  "01_launch-68" : {
    "transaction" : "01_launch-68",
    "sampleCount" : 20,
    "errorCount" : 20,
    "errorPct" : 100.0,
    "meanResTime" : 21047.749999999996,
    "medianResTime" : 21046.0,
    "minResTime" : 21035.0,
    "maxResTime" : 21071.0,
    "pct1ResTime" : 21065.8,
    "pct2ResTime" : 21070.8,
    "pct3ResTime" : 21071.0,
    "throughput" : 0.17294754500959858,
    "receivedKBytesPerSec" : 0.4474004362601823,
    "sentKBytesPerSec" : 0.0
  },
  "03_flights-75" : {
    "transaction" : "03_flights-75",
    "sampleCount" : 20,
    "errorCount" : 20,
    "errorPct" : 100.0,
    "meanResTime" : 21048.850000000002,
    "medianResTime" : 21053.0,
    "minResTime" : 21027.0,
    "maxResTime" : 21063.0,
    "pct1ResTime" : 21061.9,
    "pct2ResTime" : 21062.95,
    "pct3ResTime" : 21063.0,
    "throughput" : 0.1738843147653866,
    "receivedKBytesPerSec" : 0.4498237791147549,
    "sentKBytesPerSec" : 0.0
  },
  "04_find_flights" : {
    "transaction" : "04_find_flights",
    "sampleCount" : 17,
    "errorCount" : 16,
    "errorPct" : 94.117645,
    "meanResTime" : 21987.470588235297,
    "medianResTime" : 21046.0,
    "minResTime" : 0.0,
    "maxResTime" : 33726.0,
    "pct1ResTime" : 32698.8,
    "pct2ResTime" : 33726.0,
    "pct3ResTime" : 33726.0,
    "throughput" : 0.16560000779294154,
    "receivedKBytesPerSec" : 0.4031934013267483,
    "sentKBytesPerSec" : 0.0
  },
  "01_launch-69" : {
    "transaction" : "01_launch-69",
    "sampleCount" : 20,
    "errorCount" : 20,
    "errorPct" : 100.0,
    "meanResTime" : 21046.549999999996,
    "medianResTime" : 21045.0,
    "minResTime" : 21028.0,
    "maxResTime" : 21065.0,
    "pct1ResTime" : 21062.0,
    "pct2ResTime" : 21064.85,
    "pct3ResTime" : 21065.0,
    "throughput" : 0.172952031753993,
    "receivedKBytesPerSec" : 0.4474120430823511,
    "sentKBytesPerSec" : 0.0
  },
  "03_flights-76" : {
    "transaction" : "03_flights-76",
    "sampleCount" : 20,
    "errorCount" : 20,
    "errorPct" : 100.0,
    "meanResTime" : 21041.8,
    "medianResTime" : 21038.5,
    "minResTime" : 21027.0,
    "maxResTime" : 21067.0,
    "pct1ResTime" : 21054.8,
    "pct2ResTime" : 21066.4,
    "pct3ResTime" : 21067.0,
    "throughput" : 0.17386768669042857,
    "receivedKBytesPerSec" : 0.44978076371381376,
    "sentKBytesPerSec" : 0.0
  },
  "05_select_flights-81" : {
    "transaction" : "05_select_flights-81",
    "sampleCount" : 11,
    "errorCount" : 11,
    "errorPct" : 100.0,
    "meanResTime" : 21039.81818181818,
    "medianResTime" : 21036.0,
    "minResTime" : 21026.0,
    "maxResTime" : 21056.0,
    "pct1ResTime" : 21056.0,
    "pct2ResTime" : 21056.0,
    "pct3ResTime" : 21056.0,
    "throughput" : 0.16115091050264435,
    "receivedKBytesPerSec" : 0.4168835565639696,
    "sentKBytesPerSec" : 0.0
  },
  "05_select_flights" : {
    "transaction" : "05_select_flights",
    "sampleCount" : 12,
    "errorCount" : 11,
    "errorPct" : 91.666664,
    "meanResTime" : 20636.916666666668,
    "medianResTime" : 21056.0,
    "minResTime" : 0.0,
    "maxResTime" : 24718.0,
    "pct1ResTime" : 24649.9,
    "pct2ResTime" : 24718.0,
    "pct3ResTime" : 24718.0,
    "throughput" : 0.1647062053062849,
    "receivedKBytesPerSec" : 0.39057406546385387,
    "sentKBytesPerSec" : 0.0
  },
  "01_launch-70" : {
    "transaction" : "01_launch-70",
    "sampleCount" : 20,
    "errorCount" : 20,
    "errorPct" : 100.0,
    "meanResTime" : 21045.1,
    "medianResTime" : 21042.5,
    "minResTime" : 21029.0,
    "maxResTime" : 21072.0,
    "pct1ResTime" : 21064.9,
    "pct2ResTime" : 21071.65,
    "pct3ResTime" : 21072.0,
    "throughput" : 0.17293558149589278,
    "receivedKBytesPerSec" : 0.4473694876783398,
    "sentKBytesPerSec" : 0.0
  },
  "06_payment" : {
    "transaction" : "06_payment",
    "sampleCount" : 6,
    "errorCount" : 5,
    "errorPct" : 83.333336,
    "meanResTime" : 22355.166666666668,
    "medianResTime" : 27355.5,
    "minResTime" : 0.0,
    "maxResTime" : 29237.0,
    "pct1ResTime" : 29237.0,
    "pct2ResTime" : 29237.0,
    "pct3ResTime" : 29237.0,
    "throughput" : 0.1257650708476566,
    "receivedKBytesPerSec" : 0.2711195252892597,
    "sentKBytesPerSec" : 0.0
  },
  "06_payment-82" : {
    "transaction" : "06_payment-82",
    "sampleCount" : 5,
    "errorCount" : 5,
    "errorPct" : 100.0,
    "meanResTime" : 21043.0,
    "medianResTime" : 21042.0,
    "minResTime" : 21027.0,
    "maxResTime" : 21058.0,
    "pct1ResTime" : 21058.0,
    "pct2ResTime" : 21058.0,
    "pct3ResTime" : 21058.0,
    "throughput" : 0.11544677903486493,
    "receivedKBytesPerSec" : 0.29865089615562224,
    "sentKBytesPerSec" : 0.0
  },
  "03_flights" : {
    "transaction" : "03_flights",
    "sampleCount" : 20,
    "errorCount" : 20,
    "errorPct" : 100.0,
    "meanResTime" : 63331.5,
    "medianResTime" : 63151.0,
    "minResTime" : 63094.0,
    "maxResTime" : 64516.0,
    "pct1ResTime" : 64415.0,
    "pct2ResTime" : 64511.55,
    "pct3ResTime" : 64516.0,
    "throughput" : 0.12613521695257315,
    "receivedKBytesPerSec" : 0.9789028995332997,
    "sentKBytesPerSec" : 0.0
  },
  "02_login-72" : {
    "transaction" : "02_login-72",
    "sampleCount" : 20,
    "errorCount" : 20,
    "errorPct" : 100.0,
    "meanResTime" : 21045.35,
    "medianResTime" : 21046.0,
    "minResTime" : 21024.0,
    "maxResTime" : 21072.0,
    "pct1ResTime" : 21062.8,
    "pct2ResTime" : 21071.55,
    "pct3ResTime" : 21072.0,
    "throughput" : 0.17351320869301176,
    "receivedKBytesPerSec" : 0.44886375959744934,
    "sentKBytesPerSec" : 0.0
  },
  "04_find_flights-80" : {
    "transaction" : "04_find_flights-80",
    "sampleCount" : 16,
    "errorCount" : 16,
    "errorPct" : 100.0,
    "meanResTime" : 21045.625,
    "medianResTime" : 21045.5,
    "minResTime" : 21020.0,
    "maxResTime" : 21071.0,
    "pct1ResTime" : 21065.4,
    "pct2ResTime" : 21071.0,
    "pct3ResTime" : 21071.0,
    "throughput" : 0.16797547558056525,
    "receivedKBytesPerSec" : 0.4345381199344896,
    "sentKBytesPerSec" : 0.0
  },
  "02_login-73" : {
    "transaction" : "02_login-73",
    "sampleCount" : 20,
    "errorCount" : 20,
    "errorPct" : 100.0,
    "meanResTime" : 21046.3,
    "medianResTime" : 21049.0,
    "minResTime" : 21029.0,
    "maxResTime" : 21068.0,
    "pct1ResTime" : 21061.7,
    "pct2ResTime" : 21067.7,
    "pct3ResTime" : 21068.0,
    "throughput" : 0.17346806019341687,
    "receivedKBytesPerSec" : 0.4487469643089466,
    "sentKBytesPerSec" : 0.0
  },
  "02_login-71" : {
    "transaction" : "02_login-71",
    "sampleCount" : 20,
    "errorCount" : 20,
    "errorPct" : 100.0,