{
  "01_launch-67" : {
    "transaction" : "01_launch-67",
    "sampleCount" : 20,
    "errorCount" : 0,
    "errorPct" : 0.0,
    "meanResTime" : 15.950000000000005,
    "medianResTime" : 17.5,
    "minResTime" : 5.0,
    "maxResTime" : 34.0,
    "pct1ResTime" : 24.700000000000006,
    "pct2ResTime" : 33.55,
    "pct3ResTime" : 34.0,
    "throughput" : 0.21095933758767996,
    "receivedKBytesPerSec" : 0.13679394546701124,
    "sentKBytesPerSec" : 0.07354734718632983
  },
  "01_launch" : {
    "transaction" : "01_launch",
    "sampleCount" : 20,
    "errorCount" : 0,
    "errorPct" : 0.0,
    "meanResTime" : 269.7,
    "medianResTime" : 292.5,
    "minResTime" : 170.0,
    "maxResTime" : 373.0,
    "pct1ResTime" : 313.6,
    "pct2ResTime" : 370.04999999999995,
    "pct3ResTime" : 373.0,
    "throughput" : 0.21037573105566543,
    "receivedKBytesPerSec" : 0.9143640111551732,
    "sentKBytesPerSec" : 0.3430932332646106
  },
  "01_launch-68" : {
    "transaction" : "01_launch-68",
    "sampleCount" : 20,
    "errorCount" : 0,
    "errorPct" : 0.0,
    "meanResTime" : 5.199999999999999,
    "medianResTime" : 5.0,
    "minResTime" : 2.0,
    "maxResTime" : 9.0,
    "pct1ResTime" : 7.900000000000002,
    "pct2ResTime" : 8.95,
    "pct3ResTime" : 9.0,
    "throughput" : 0.21103056777774262,
    "receivedKBytesPerSec" : 0.20752713061736994,
    "sentKBytesPerSec" : 0.08470074546548068
  },
  "Total" : {
    "transaction" : "Total",
    "sampleCount" : 80,
    "errorCount" : 0,
    "errorPct" : 0.0,
    "meanResTime" : 67.42499999999998,
    "medianResTime" : 43.0,
    "minResTime" : 2.0,
    "maxResTime" : 238.0,
    "pct1ResTime" : 196.0,
    "pct2ResTime" : 212.0,
    "pct3ResTime" : 238.0,
    "throughput" : 0.8423712751395178,
    "receivedKBytesPerSec" : 0.9153075477782457,
    "sentKBytesPerSec" : 0.34344727282299675
  },
  "01_launch-69" : {
    "transaction" : "01_launch-69",
    "sampleCount" : 20,
    "errorCount" : 0,
    "errorPct" : 0.0,
    "meanResTime" : 79.3,
    "medianResTime" : 77.0,
    "minResTime" : 52.0,
    "maxResTime" : 115.0,
    "pct1ResTime" : 113.20000000000002,
    "pct2ResTime" : 114.95,
    "pct3ResTime" : 115.0,
    "throughput" : 0.2109126189019889,
    "receivedKBytesPerSec" : 0.21111858825638538,
    "sentKBytesPerSec" : 0.09103845464324131
  },
  "01_launch-70" : {
    "transaction" : "01_launch-70",
    "sampleCount" : 20,
    "errorCount" : 0,
    "errorPct" : 0.0,
    "meanResTime" : 169.25000000000003,
    "medianResTime" : 169.0,
    "minResTime" : 102.0,
    "maxResTime" : 238.0,
    "pct1ResTime" : 218.0,
    "pct2ResTime" : 237.0,
    "pct3ResTime" : 238.0,
    "throughput" : 0.21094821221390148,
    "receivedKBytesPerSec" : 0.3614651177354709,
    "sentKBytesPerSec" : 0.09476189220546356
  }
}