{
  "01_launch-67" : {
    "transaction" : "01_launch-67",
    "sampleCount" : 20,
    "errorCount" : 0,
    "errorPct" : 0.0,
    "meanResTime" : 14.05,
    "medianResTime" : 11.0,
    "minResTime" : 5.0,
    "maxResTime" : 33.0,
    "pct1ResTime" : 25.900000000000002,
    "pct2ResTime" : 32.64999999999999,
    "pct3ResTime" : 33.0,
    "throughput" : 0.21092596498628982,
    "receivedKBytesPerSec" : 0.1367723054207973,
    "sentKBytesPerSec" : 0.07353571240244675
  },
  "01_launch" : {
    "transaction" : "01_launch",
    "sampleCount" : 20,
    "errorCount" : 0,
    "errorPct" : 0.0,
    "meanResTime" : 226.7,
    "medianResTime" : 220.5,
    "minResTime" : 173.0,
    "maxResTime" : 348.0,
    "pct1ResTime" : 312.1000000000001,
    "pct2ResTime" : 346.34999999999997,
    "pct3ResTime" : 348.0,
    "throughput" : 0.21019442984760903,
    "receivedKBytesPerSec" : 0.9135349612454019,
    "sentKBytesPerSec" : 0.342797556489753
  },
  "01_launch-68" : {
    "transaction" : "01_launch-68",
    "sampleCount" : 20,
    "errorCount" : 0,
    "errorPct" : 0.0,
    "meanResTime" : 4.549999999999999,
    "medianResTime" : 4.0,
    "minResTime" : 2.0,
    "maxResTime" : 10.0,
    "pct1ResTime" : 7.0,
    "pct2ResTime" : 9.849999999999998,
    "pct3ResTime" : 10.0,
    "throughput" : 0.21098604327323747,
    "receivedKBytesPerSec" : 0.20748334528920911,
    "sentKBytesPerSec" : 0.08468287479033261
  },
  "Total" : {
    "transaction" : "Total",
    "sampleCount" : 80,
    "errorCount" : 0,
    "errorPct" : 0.0,
    "meanResTime" : 56.675,
    "medianResTime" : 41.0,
    "minResTime" : 2.0,
    "maxResTime" : 248.0,
    "pct1ResTime" : 144.0,
    "pct2ResTime" : 175.6500000000001,
    "pct3ResTime" : 248.0,
    "throughput" : 0.8417065600505024,
    "receivedKBytesPerSec" : 0.9145441797306539,
    "sentKBytesPerSec" : 0.3431762586143406
  },
  "01_launch-69" : {
    "transaction" : "01_launch-69",
    "sampleCount" : 20,
    "errorCount" : 0,
    "errorPct" : 0.0,
    "meanResTime" : 63.54999999999999,
    "medianResTime" : 62.5,
    "minResTime" : 49.0,
    "maxResTime" : 85.0,
    "pct1ResTime" : 77.9,
    "pct2ResTime" : 84.64999999999999,
    "pct3ResTime" : 85.0,
    "throughput" : 0.21083257784992937,
    "receivedKBytesPerSec" : 0.21103846903923595,
    "sentKBytesPerSec" : 0.09100390567350468
  },
  "01_launch-70" : {
    "transaction" : "01_launch-70",
    "sampleCount" : 20,
    "errorCount" : 0,
    "errorPct" : 0.0,
    "meanResTime" : 144.54999999999998,
    "medianResTime" : 132.0,
    "minResTime" : 104.0,
    "maxResTime" : 248.0,
    "pct1ResTime" : 223.60000000000008,
    "pct2ResTime" : 247.0,
    "pct3ResTime" : 248.0,
    "throughput" : 0.2106327407532227,
    "receivedKBytesPerSec" : 0.3608834101704019,
    "sentKBytesPerSec" : 0.09462017651023676
  }
}