{
  "AB_AS_T02_CLICK_ON_PERSONAL-56" : {
    "transaction" : "AB_AS_T02_CLICK_ON_PERSONAL-56",
    "sampleCount" : 50,
    "errorCount" : 0,
    "errorPct" : 0.0,
    "meanResTime" : 19.899999999999995,
    "medianResTime" : 19.0,
    "minResTime" : 10.0,
    "maxResTime" : 34.0,
    "pct1ResTime" : 25.9,
    "pct2ResTime" : 28.799999999999983,
    "pct3ResTime" : 34.0,
    "throughput" : 2.6396367859782495,
    "receivedKBytesPerSec" : 6.959979806778588,
    "sentKBytesPerSec" : 1.2579519058177595
  },
  "Total" : {
    "transaction" : "Total",
    "sampleCount" : 100,
    "errorCount" : 0,
    "errorPct" : 0.0,
    "meanResTime" : 29.950000000000006,
    "medianResTime" : 27.0,
    "minResTime" : 10.0,
    "maxResTime" : 136.0,
    "pct1ResTime" : 41.900000000000006,
    "pct2ResTime" : 45.94999999999999,
    "pct3ResTime" : 136.0,
    "throughput" : 4.52447742285766,
    "receivedKBytesPerSec" : 12.126394811555516,
    "sentKBytesPerSec" : 1.8579519104605917
  },
  "AB_AS_T01_LAUNCH_APP" : {
    "transaction" : "AB_AS_T01_LAUNCH_APP",
    "sampleCount" : 50,
    "errorCount" : 0,
    "errorPct" : 0.0,
    "meanResTime" : 40.00000000000001,
    "medianResTime" : 35.5,
    "minResTime" : 25.0,
    "maxResTime" : 136.0,
    "pct1ResTime" : 45.9,
    "pct2ResTime" : 87.04999999999961,
    "pct3ResTime" : 136.0,
    "throughput" : 2.5602949459777764,
    "receivedKBytesPerSec" : 6.973303324542988,
    "sentKBytesPerSec" : 0.8826016757130422
  },
  "AB_AS_T01_LAUNCH_APP-51" : {
    "transaction" : "AB_AS_T01_LAUNCH_APP-51",
    "sampleCount" : 50,
    "errorCount" : 0,
    "errorPct" : 0.0,
    "meanResTime" : 40.00000000000001,
    "medianResTime" : 35.5,
    "minResTime" : 25.0,
    "maxResTime" : 136.0,
    "pct1ResTime" : 45.9,
    "pct2ResTime" : 87.04999999999961,
    "pct3ResTime" : 136.0,
    "throughput" : 2.620270411906509,
    "receivedKBytesPerSec" : 7.1366544714914575,
    "sentKBytesPerSec" : 0.9032768119169898
  },
  "AB_AS_T02_CLICK_ON_PERSONAL" : {
    "transaction" : "AB_AS_T02_CLICK_ON_PERSONAL",
    "sampleCount" : 50,
    "errorCount" : 0,
    "errorPct" : 0.0,
    "meanResTime" : 19.899999999999995,
    "medianResTime" : 19.0,
    "minResTime" : 10.0,
    "maxResTime" : 34.0,
    "pct1ResTime" : 25.9,
    "pct2ResTime" : 28.799999999999983,
    "pct3ResTime" : 34.0,
    "throughput" : 2.6392187912377936,
    "receivedKBytesPerSec" : 6.958877672209026,
    "sentKBytesPerSec" : 1.257752705199261
  }
}