{
  "AB_AS_T06_CLICK_ON_LOGOUT" : {
    "transaction" : "AB_AS_T06_CLICK_ON_LOGOUT",
    "sampleCount" : 735,
    "errorCount" : 0,
    "errorPct" : 0.0,
    "meanResTime" : 33.78911564625849,
    "medianResTime" : 19.0,
    "minResTime" : 0.0,
    "maxResTime" : 681.0,
    "pct1ResTime" : 57.0,
    "pct2ResTime" : 105.19999999999993,
    "pct3ResTime" : 266.1199999999999,
    "throughput" : 2.6132775834115543,
    "receivedKBytesPerSec" : 5.434606283954832,
    "sentKBytesPerSec" : 1.279028269619137
  },
  "AB_AS_T03_CLICK_ON_LOGIN-68" : {
    "transaction" : "AB_AS_T03_CLICK_ON_LOGIN-68",
    "sampleCount" : 753,
    "errorCount" : 0,
    "errorPct" : 0.0,
    "meanResTime" : 69.32934926958836,
    "medianResTime" : 52.0,
    "minResTime" : 24.0,
    "maxResTime" : 819.0,
    "pct1ResTime" : 103.60000000000002,
    "pct2ResTime" : 164.89999999999986,
    "pct3ResTime" : 421.28000000000065,
    "throughput" : 2.5833942300764727,
    "receivedKBytesPerSec" : 7.725195459247214,
    "sentKBytesPerSec" : 1.8240176058059472
  },
  "AB_AS_T01_LAUNCH_APP" : {
    "transaction" : "AB_AS_T01_LAUNCH_APP",
    "sampleCount" : 778,
    "errorCount" : 0,
    "errorPct" : 0.0,
    "meanResTime" : 53.65681233933162,
    "medianResTime" : 37.5,
    "minResTime" : 14.0,
    "maxResTime" : 1112.0,
    "pct1ResTime" : 82.10000000000002,
    "pct2ResTime" : 117.04999999999995,
    "pct3ResTime" : 405.5100000000011,
    "throughput" : 2.5929962438216365,
    "receivedKBytesPerSec" : 7.059837429467503,
    "sentKBytesPerSec" : 1.0905418233129693
  },
  "AB_AS_T03_CLICK_ON_LOGIN" : {
    "transaction" : "AB_AS_T03_CLICK_ON_LOGIN",
    "sampleCount" : 769,
    "errorCount" : 0,
    "errorPct" : 0.0,
    "meanResTime" : 67.886866059818,
    "medianResTime" : 51.0,
    "minResTime" : 0.0,
    "maxResTime" : 819.0,
    "pct1ResTime" : 103.0,
    "pct2ResTime" : 163.0,
    "pct3ResTime" : 418.3999999999992,
    "throughput" : 2.593425716395914,
    "receivedKBytesPerSec" : 7.593836472114772,
    "sentKBytesPerSec" : 1.7930020662672543
  },
  "AB_AS_T06_CLICK_ON_LOGOUT-85" : {
    "transaction" : "AB_AS_T06_CLICK_ON_LOGOUT-85",
    "sampleCount" : 728,
    "errorCount" : 0,
    "errorPct" : 0.0,
    "meanResTime" : 34.11401098901099,
    "medianResTime" : 19.0,
    "minResTime" : 5.0,
    "maxResTime" : 681.0,
    "pct1ResTime" : 57.0,
    "pct2ResTime" : 105.54999999999995,
    "pct3ResTime" : 266.6800000000003,
    "throughput" : 2.6169164959200546,
    "receivedKBytesPerSec" : 5.494502408425896,
    "sentKBytesPerSec" : 1.2931247528667458
  },
  "AB_AS_T05_CLICK_ON_SUMMARY" : {
    "transaction" : "AB_AS_T05_CLICK_ON_SUMMARY",
    "sampleCount" : 747,
    "errorCount" : 0,
    "errorPct" : 0.0,
    "meanResTime" : 60.74297188755021,
    "medianResTime" : 46.0,
    "minResTime" : 0.0,
    "maxResTime" : 814.0,
    "pct1ResTime" : 96.0,
    "pct2ResTime" : 131.20000000000005,
    "pct3ResTime" : 339.5199999999995,
    "throughput" : 2.5901256228263922,
    "receivedKBytesPerSec" : 15.662118470074859,
    "sentKBytesPerSec" : 1.3010155819287592
  },
  "AB_AS_T04_CLICK_ON_ACCOUNTS" : {
    "transaction" : "AB_AS_T04_CLICK_ON_ACCOUNTS",
    "sampleCount" : 753,
    "errorCount" : 0,
    "errorPct" : 0.0,
    "meanResTime" : 40.20584329349276,
    "medianResTime" : 24.0,
    "minResTime" : 0.0,
    "maxResTime" : 435.0,
    "pct1ResTime" : 79.0,
    "pct2ResTime" : 119.89999999999986,
    "pct3ResTime" : 309.1200000000008,
    "throughput" : 2.5872465580687387,
    "receivedKBytesPerSec" : 9.256666164879416,
    "sentKBytesPerSec" : 1.2983543776177402
  },
  "AB_AS_T05_CLICK_ON_SUMMARY-80" : {
    "transaction" : "AB_AS_T05_CLICK_ON_SUMMARY-80",
    "sampleCount" : 735,
    "errorCount" : 0,
    "errorPct" : 0.0,
    "meanResTime" : 61.733333333333356,
    "medianResTime" : 46.0,
    "minResTime" : 22.0,
    "maxResTime" : 814.0,
    "pct1ResTime" : 96.39999999999998,
    "pct2ResTime" : 132.0,
    "pct3ResTime" : 342.63999999999965,
    "throughput" : 2.5909932140653917,
    "receivedKBytesPerSec" : 15.92315837886666,
    "sentKBytesPerSec" : 1.32269955715167
  },
  "AB_AS_T02_CLICK_ON_PERSONAL-56" : {
    "transaction" : "AB_AS_T02_CLICK_ON_PERSONAL-56",
    "sampleCount" : 769,
    "errorCount" : 0,
    "errorPct" : 0.0,
    "meanResTime" : 32.422626788036396,
    "medianResTime" : 20.0,
    "minResTime" : 6.0,
    "maxResTime" : 388.0,
    "pct1ResTime" : 61.0,
    "pct2ResTime" : 103.5,
    "pct3ResTime" : 231.6999999999996,
    "throughput" : 2.5931371226631414,
    "receivedKBytesPerSec" : 6.834840912175604,
    "sentKBytesPerSec" : 1.2332595495478027
  },
  "Debug Sampler" : {
    "transaction" : "Debug Sampler",
    "sampleCount" : 728,
    "errorCount" : 0,
    "errorPct" : 0.0,
    "meanResTime" : 0.5315934065934075,
    "medianResTime" : 0.0,
    "minResTime" : 0.0,
    "maxResTime" : 19.0,
    "pct1ResTime" : 1.0,
    "pct2ResTime" : 1.0,
    "pct3ResTime" : 5.130000000000109,
    "throughput" : 2.6173210568512335,
    "receivedKBytesPerSec" : 1.2368052572021269,
    "sentKBytesPerSec" : 0.0
  },
  "Total" : {
    "transaction" : "Total",
    "sampleCount" : 5276,
    "errorCount" : 0,
    "errorPct" : 0.0,
    "meanResTime" : 41.65163002274445,
    "medianResTime" : 30.0,
    "minResTime" : 0.0,
    "maxResTime" : 1112.0,
    "pct1ResTime" : 79.0,
    "pct2ResTime" : 111.0,
    "pct3ResTime" : 290.22999999999956,
    "throughput" : 17.595347037872017,
    "receivedKBytesPerSec" : 51.62696344259002,
    "sentKBytesPerSec" : 7.795238880347639
  },
  "AB_AS_T04_CLICK_ON_ACCOUNTS-76" : {
    "transaction" : "AB_AS_T04_CLICK_ON_ACCOUNTS-76",
    "sampleCount" : 747,
    "errorCount" : 0,
    "errorPct" : 0.0,
    "meanResTime" : 40.5287817938421,
    "medianResTime" : 24.0,
    "minResTime" : 7.0,
    "maxResTime" : 435.0,
    "pct1ResTime" : 79.0,
    "pct2ResTime" : 120.80000000000007,
    "pct3ResTime" : 310.4399999999996,
    "throughput" : 2.589604833929023,
    "receivedKBytesPerSec" : 9.339522121274626,
    "sentKBytesPerSec" : 1.3099758827883146
  },
  "AB_AS_T01_LAUNCH_APP-51" : {
    "transaction" : "AB_AS_T01_LAUNCH_APP-51",
    "sampleCount" : 778,
    "errorCount" : 0,
    "errorPct" : 0.0,
    "meanResTime" : 53.65681233933162,
    "medianResTime" : 37.5,
    "minResTime" : 14.0,
    "maxResTime" : 1112.0,
    "pct1ResTime" : 82.10000000000002,
    "pct2ResTime" : 117.04999999999995,
    "pct3ResTime" : 405.5100000000011,
    "throughput" : 2.594691221739377,
    "receivedKBytesPerSec" : 7.06445227168885,
    "sentKBytesPerSec" : 1.0912546837011368
  },
  "AB_AS_T02_CLICK_ON_PERSONAL" : {
    "transaction" : "AB_AS_T02_CLICK_ON_PERSONAL",
    "sampleCount" : 778,
    "errorCount" : 0,
    "errorPct" : 0.0,
    "meanResTime" : 32.04755784061693,
    "medianResTime" : 20.0,
    "minResTime" : 0.0,
    "maxResTime" : 388.0,
    "pct1ResTime" : 60.10000000000002,
    "pct2ResTime" : 103.04999999999995,
    "pct3ResTime" : 230.89000000000033,
    "throughput" : 2.596024545445445,
    "receivedKBytesPerSec" : 6.763297091943648,
    "sentKBytesPerSec" : 1.220350383022066
  }
}