{
  "AB_AS_T02_CLICK_ON_PERSONAL-56" : {
    "transaction" : "AB_AS_T02_CLICK_ON_PERSONAL-56",
    "sampleCount" : 50,
    "errorCount" : 0,
    "errorPct" : 0.0,
    "meanResTime" : 12.5,
    "medianResTime" : 11.5,
    "minResTime" : 6.0,
    "maxResTime" : 25.0,
    "pct1ResTime" : 18.9,
    "pct2ResTime" : 20.89999999999999,
    "pct3ResTime" : 25.0,
    "throughput" : 2.671082856990224,
    "receivedKBytesPerSec" : 7.042894251829691,
    "sentKBytesPerSec" : 1.2729379240344034
  },
  "Total" : {
    "transaction" : "Total",
    "sampleCount" : 100,
    "errorCount" : 0,
    "errorPct" : 0.0,
    "meanResTime" : 20.059999999999995,
    "medianResTime" : 16.0,
    "minResTime" : 6.0,
    "maxResTime" : 149.0,
    "pct1ResTime" : 32.70000000000002,
    "pct2ResTime" : 40.94999999999999,
    "pct3ResTime" : 148.99,
    "throughput" : 4.5662100456621,
    "receivedKBytesPerSec" : 12.238245576484019,
    "sentKBytesPerSec" : 1.8750891837899544
  },
  "AB_AS_T01_LAUNCH_APP" : {
    "transaction" : "AB_AS_T01_LAUNCH_APP",
    "sampleCount" : 50,
    "errorCount" : 0,
    "errorPct" : 0.0,
    "meanResTime" : 27.62,
    "medianResTime" : 20.0,
    "minResTime" : 13.0,
    "maxResTime" : 149.0,
    "pct1ResTime" : 40.9,
    "pct2ResTime" : 91.89999999999957,
    "pct3ResTime" : 149.0,
    "throughput" : 2.579446966570367,
    "receivedKBytesPerSec" : 7.025466396254643,
    "sentKBytesPerSec" : 0.8892038859368552
  },
  "AB_AS_T01_LAUNCH_APP-51" : {
    "transaction" : "AB_AS_T01_LAUNCH_APP-51",
    "sampleCount" : 50,
    "errorCount" : 0,
    "errorPct" : 0.0,
    "meanResTime" : 27.62,
    "medianResTime" : 20.0,
    "minResTime" : 13.0,
    "maxResTime" : 149.0,
    "pct1ResTime" : 40.9,
    "pct2ResTime" : 91.89999999999957,
    "pct3ResTime" : 149.0,
    "throughput" : 2.6476039184537994,
    "receivedKBytesPerSec" : 7.211100906804342,
    "sentKBytesPerSec" : 0.9126993976701084
  },
  "AB_AS_T02_CLICK_ON_PERSONAL" : {
    "transaction" : "AB_AS_T02_CLICK_ON_PERSONAL",
    "sampleCount" : 50,
    "errorCount" : 0,
    "errorPct" : 0.0,
    "meanResTime" : 12.5,
    "medianResTime" : 11.5,
    "minResTime" : 6.0,
    "maxResTime" : 25.0,
    "pct1ResTime" : 18.9,
    "pct2ResTime" : 20.89999999999999,
    "pct3ResTime" : 25.0,
    "throughput" : 2.6705122042407736,
    "receivedKBytesPerSec" : 7.041389601025477,
    "sentKBytesPerSec" : 1.2726659723334937
  }
}