{
  "03_flights-74" : {
    "transaction" : "03_flights-74",
    "sampleCount" : 152,
    "errorCount" : 3,
    "errorPct" : 1.9736842,
    "meanResTime" : 86.34868421052632,
    "medianResTime" : 77.5,
    "minResTime" : 2.0,
    "maxResTime" : 337.0,
    "pct1ResTime" : 137.70000000000002,
    "pct2ResTime" : 147.35,
    "pct3ResTime" : 244.2499999999998,
    "throughput" : 0.5285724718065703,
    "receivedKBytesPerSec" : 0.4535457986747436,
    "sentKBytesPerSec" : 0.30544851830182185
  },
  "07_logout-84" : {
    "transaction" : "07_logout-84",
    "sampleCount" : 138,
    "errorCount" : 4,
    "errorPct" : 2.8985507,
    "meanResTime" : 86.8405797101449,
    "medianResTime" : 81.0,
    "minResTime" : 0.0,
    "maxResTime" : 213.0,
    "pct1ResTime" : 126.0,
    "pct2ResTime" : 152.19999999999993,
    "pct3ResTime" : 202.4699999999996,
    "throughput" : 0.5163105495714247,
    "receivedKBytesPerSec" : 0.5363218216502482,
    "sentKBytesPerSec" : 0.3008303994672274
  },
  "01_launch-67" : {
    "transaction" : "01_launch-67",
    "sampleCount" : 158,
    "errorCount" : 5,
    "errorPct" : 3.164557,
    "meanResTime" : 7.018987341772152,
    "medianResTime" : 5.0,
    "minResTime" : 2.0,
    "maxResTime" : 35.0,
    "pct1ResTime" : 11.099999999999994,
    "pct2ResTime" : 20.0,
    "pct3ResTime" : 33.22999999999999,
    "throughput" : 0.5284015852047556,
    "receivedKBytesPerSec" : 0.37504977279567914,
    "sentKBytesPerSec" : 0.19055077190943598
  },
  "01_launch" : {
    "transaction" : "01_launch",
    "sampleCount" : 158,
    "errorCount" : 6,
    "errorPct" : 3.7974684,
    "meanResTime" : 213.54430379746833,
    "medianResTime" : 197.5,
    "minResTime" : 9.0,
    "maxResTime" : 656.0,
    "pct1ResTime" : 292.29999999999995,
    "pct2ResTime" : 319.7999999999997,
    "pct3ResTime" : 616.4699999999998,
    "throughput" : 0.527642805857503,
    "receivedKBytesPerSec" : 2.394309028995308,
    "sentKBytesPerSec" : 0.8682142693148992
  },
  "01_launch-68" : {
    "transaction" : "01_launch-68",
    "sampleCount" : 158,
    "errorCount" : 5,
    "errorPct" : 3.164557,
    "meanResTime" : 3.259493670886074,
    "medianResTime" : 3.0,
    "minResTime" : 1.0,
    "maxResTime" : 21.0,
    "pct1ResTime" : 5.099999999999994,
    "pct2ResTime" : 8.0,
    "pct3ResTime" : 18.049999999999983,
    "throughput" : 0.5284563722473443,
    "receivedKBytesPerSec" : 0.5464992482875338,
    "sentKBytesPerSec" : 0.21755645264462314
  },
  "03_flights-75" : {
    "transaction" : "03_flights-75",
    "sampleCount" : 152,
    "errorCount" : 3,
    "errorPct" : 1.9736842,
    "meanResTime" : 141.0,
    "medianResTime" : 131.5,
    "minResTime" : 2.0,
    "maxResTime" : 256.0,
    "pct1ResTime" : 190.0,
    "pct2ResTime" : 202.7,
    "pct3ResTime" : 237.44999999999996,
    "throughput" : 0.5283281195689954,
    "receivedKBytesPerSec" : 0.9115533759124088,
    "sentKBytesPerSec" : 0.30682460027806746
  },
  "04_find_flights" : {
    "transaction" : "04_find_flights",
    "sampleCount" : 152,
    "errorCount" : 1,
    "errorPct" : 0.65789473,
    "meanResTime" : 798.4407894736842,
    "medianResTime" : 100.0,
    "minResTime" : 0.0,
    "maxResTime" : 68785.0,
    "pct1ResTime" : 172.10000000000005,
    "pct2ResTime" : 216.74999999999997,
    "pct3ResTime" : 51269.02999999996,
    "throughput" : 0.528616589518785,
    "receivedKBytesPerSec" : 1.3772634386422204,
    "sentKBytesPerSec" : 0.47565236438550057
  },
  "01_launch-69" : {
    "transaction" : "01_launch-69",
    "sampleCount" : 158,
    "errorCount" : 5,
    "errorPct" : 3.164557,
    "meanResTime" : 67.98101265822785,
    "medianResTime" : 60.0,
    "minResTime" : 2.0,
    "maxResTime" : 417.0,
    "pct1ResTime" : 90.29999999999998,
    "pct2ResTime" : 124.04999999999998,
    "pct3ResTime" : 316.6999999999994,
    "throughput" : 0.5282425903946775,
    "receivedKBytesPerSec" : 0.5552698362615135,
    "sentKBytesPerSec" : 0.232954094297989
  },
  "03_flights-76" : {
    "transaction" : "03_flights-76",
    "sampleCount" : 152,
    "errorCount" : 3,
    "errorPct" : 1.9736842,
    "meanResTime" : 159.5723684210527,
    "medianResTime" : 151.5,
    "minResTime" : 2.0,
    "maxResTime" : 343.0,
    "pct1ResTime" : 214.70000000000002,
    "pct2ResTime" : 237.39999999999998,
    "pct3ResTime" : 324.44999999999993,
    "throughput" : 0.5280601432710547,
    "receivedKBytesPerSec" : 2.3118474972294214,
    "sentKBytesPerSec" : 0.3071744797999625
  },
  "05_select_flights-81" : {
    "transaction" : "05_select_flights-81",
    "sampleCount" : 147,
    "errorCount" : 1,
    "errorPct" : 0.6802721,
    "meanResTime" : 109.88435374149657,
    "medianResTime" : 95.0,
    "minResTime" : 1.0,
    "maxResTime" : 430.0,
    "pct1ResTime" : 163.00000000000009,
    "pct2ResTime" : 200.59999999999994,
    "pct3ResTime" : 363.7600000000014,
    "throughput" : 0.5240342796845813,
    "receivedKBytesPerSec" : 1.5296900678125311,
    "sentKBytesPerSec" : 0.4242565207956052
  },
  "05_select_flights" : {
    "transaction" : "05_select_flights",
    "sampleCount" : 150,
    "errorCount" : 1,
    "errorPct" : 0.6666667,
    "meanResTime" : 107.68666666666664,
    "medianResTime" : 94.0,
    "minResTime" : 0.0,
    "maxResTime" : 430.0,
    "pct1ResTime" : 161.8,
    "pct2ResTime" : 198.94999999999987,
    "pct3ResTime" : 359.62000000000126,
    "throughput" : 0.5261865506717648,
    "receivedKBytesPerSec" : 1.5052532327586208,
    "sentKBytesPerSec" : 0.4174790128301821
  },
  "01_launch-70" : {
    "transaction" : "01_launch-70",
    "sampleCount" : 158,
    "errorCount" : 6,
    "errorPct" : 3.7974684,
    "meanResTime" : 135.28481012658227,
    "medianResTime" : 129.0,
    "minResTime" : 2.0,
    "maxResTime" : 454.0,
    "pct1ResTime" : 186.2,
    "pct2ResTime" : 203.34999999999988,
    "pct3ResTime" : 324.7899999999993,
    "throughput" : 0.528652638411633,
    "receivedKBytesPerSec" : 0.9212603472043309,
    "sentKBytesPerSec" : 0.2284624238388881
  },
  "06_payment" : {
    "transaction" : "06_payment",
    "sampleCount" : 147,
    "errorCount" : 3,
    "errorPct" : 2.0408163,
    "meanResTime" : 624.0136054421771,
    "medianResTime" : 96.0,
    "minResTime" : 0.0,
    "maxResTime" : 35716.0,
    "pct1ResTime" : 178.80000000000007,
    "pct2ResTime" : 214.59999999999997,
    "pct3ResTime" : 35654.56,
    "throughput" : 0.5242735067121275,
    "receivedKBytesPerSec" : 1.430042644032555,
    "sentKBytesPerSec" : 0.4915412415117623
  },
  "07_logout-85" : {
    "transaction" : "07_logout-85",
    "sampleCount" : 138,
    "errorCount" : 5,
    "errorPct" : 3.6231885,
    "meanResTime" : 138.95652173913047,
    "medianResTime" : 129.5,
    "minResTime" : 2.0,
    "maxResTime" : 269.0,
    "pct1ResTime" : 197.3,
    "pct2ResTime" : 205.44999999999985,
    "pct3ResTime" : 255.7399999999995,
    "throughput" : 0.5161097294163847,
    "receivedKBytesPerSec" : 0.898418508190437,
    "sentKBytesPerSec" : 0.22344594405071339
  },
  "06_payment-82" : {
    "transaction" : "06_payment-82",
    "sampleCount" : 142,
    "errorCount" : 3,
    "errorPct" : 2.1126761,
    "meanResTime" : 645.985915492958,
    "medianResTime" : 99.0,
    "minResTime" : 2.0,
    "maxResTime" : 35716.0,
    "pct1ResTime" : 180.80000000000007,
    "pct2ResTime" : 216.09999999999997,
    "pct3ResTime" : 35660.96,
    "throughput" : 0.5253188907632662,
    "receivedKBytesPerSec" : 1.483348119487851,
    "sentKBytesPerSec" : 0.5098636598634171
  },
  "03_flights" : {
    "transaction" : "03_flights",
    "sampleCount" : 154,
    "errorCount" : 3,
    "errorPct" : 1.9480519,
    "meanResTime" : 381.8961038961039,
    "medianResTime" : 367.0,
    "minResTime" : 0.0,
    "maxResTime" : 740.0,
    "pct1ResTime" : 495.5,
    "pct2ResTime" : 525.0,
    "pct3ResTime" : 689.399999999999,
    "throughput" : 0.5259850265041806,
    "receivedKBytesPerSec" : 3.6140457320926007,
    "sentKBytesPerSec" : 0.9034964235579813
  },
  "02_login-72" : {
    "transaction" : "02_login-72",