{
  "AB_AS_T02_CLICK_ON_PERSONAL-56" : {
    "transaction" : "AB_AS_T02_CLICK_ON_PERSONAL-56",
    "sampleCount" : 50,
    "errorCount" : 0,
    "errorPct" : 0.0,
    "meanResTime" : 29.740000000000002,
    "medianResTime" : 16.0,
    "minResTime" : 7.0,
    "maxResTime" : 580.0,
    "pct1ResTime" : 33.699999999999996,
    "pct2ResTime" : 49.79999999999998,
    "pct3ResTime" : 580.0,
    "throughput" : 2.4710882672729073,
    "receivedKBytesPerSec" : 6.513151595087476,
    "sentKBytesPerSec" : 1.175214830236236
  },
  "Total" : {
    "transaction" : "Total",
    "sampleCount" : 100,
    "errorCount" : 0,
    "errorPct" : 0.0,
    "meanResTime" : 78.28000000000002,
    "medianResTime" : 20.0,
    "minResTime" : 7.0,
    "maxResTime" : 1045.0,
    "pct1ResTime" : 47.200000000000045,
    "pct2ResTime" : 1005.5999999999949,
    "pct3ResTime" : 1044.8899999999999,
    "throughput" : 4.288532464190753,
    "receivedKBytesPerSec" : 11.48983282764388,
    "sentKBytesPerSec" : 1.7589683935157387
  },
  "AB_AS_T01_LAUNCH_APP" : {
    "transaction" : "AB_AS_T01_LAUNCH_APP",
    "sampleCount" : 50,
    "errorCount" : 0,
    "errorPct" : 0.0,
    "meanResTime" : 126.82000000000002,
    "medianResTime" : 23.5,
    "minResTime" : 15.0,
    "maxResTime" : 1045.0,
    "pct1ResTime" : 932.4999999999986,
    "pct2ResTime" : 1034.0,
    "pct3ResTime" : 1045.0,
    "throughput" : 2.4361722861040733,
    "receivedKBytesPerSec" : 6.6328597008380425,
    "sentKBytesPerSec" : 0.8398132978464237
  },
  "AB_AS_T01_LAUNCH_APP-51" : {
    "transaction" : "AB_AS_T01_LAUNCH_APP-51",
    "sampleCount" : 50,
    "errorCount" : 0,
    "errorPct" : 0.0,
    "meanResTime" : 126.82000000000002,
    "medianResTime" : 23.5,
    "minResTime" : 15.0,
    "maxResTime" : 1045.0,
    "pct1ResTime" : 932.4999999999986,
    "pct2ResTime" : 1034.0,
    "pct3ResTime" : 1045.0,
    "throughput" : 2.462326405988378,
    "receivedKBytesPerSec" : 6.704068378804294,
    "sentKBytesPerSec" : 0.8488293176893529
  },
  "AB_AS_T02_CLICK_ON_PERSONAL" : {
    "transaction" : "AB_AS_T02_CLICK_ON_PERSONAL",
    "sampleCount" : 50,
    "errorCount" : 0,
    "errorPct" : 0.0,
    "meanResTime" : 29.740000000000002,
    "medianResTime" : 16.0,
    "minResTime" : 7.0,
    "maxResTime" : 580.0,
    "pct1ResTime" : 33.699999999999996,
    "pct2ResTime" : 49.79999999999998,
    "pct3ResTime" : 580.0,
    "throughput" : 2.4709661477637757,
    "receivedKBytesPerSec" : 6.512829719545342,
    "sentKBytesPerSec" : 1.1751567519149988
  }
}