{
  "AB_AS_T06_CLICK_ON_LOGOUT" : {
    "transaction" : "AB_AS_T06_CLICK_ON_LOGOUT",
    "sampleCount" : 734,
    "errorCount" : 0,
    "errorPct" : 0.0,
    "meanResTime" : 35.96049046321526,
    "medianResTime" : 16.0,
    "minResTime" : 0.0,
    "maxResTime" : 819.0,
    "pct1ResTime" : 62.0,
    "pct2ResTime" : 135.5,
    "pct3ResTime" : 306.8499999999998,
    "throughput" : 2.618426732210573,
    "receivedKBytesPerSec" : 5.437753169580588,
    "sentKBytesPerSec" : 1.2797688854919895
  },
  "AB_AS_T03_CLICK_ON_LOGIN-68" : {
    "transaction" : "AB_AS_T03_CLICK_ON_LOGIN-68",
    "sampleCount" : 752,
    "errorCount" : 0,
    "errorPct" : 0.0,
    "meanResTime" : 67.84308510638301,
    "medianResTime" : 48.0,
    "minResTime" : 22.0,
    "maxResTime" : 693.0,
    "pct1ResTime" : 109.70000000000005,
    "pct2ResTime" : 170.50000000000023,
    "pct3ResTime" : 473.0400000000009,
    "throughput" : 2.5912091850095793,
    "receivedKBytesPerSec" : 7.7460783248539,
    "sentKBytesPerSec" : 1.8295353913690682
  },
  "AB_AS_T01_LAUNCH_APP" : {
    "transaction" : "AB_AS_T01_LAUNCH_APP",
    "sampleCount" : 776,
    "errorCount" : 0,
    "errorPct" : 0.0,
    "meanResTime" : 48.41881443298967,
    "medianResTime" : 31.0,
    "minResTime" : 10.0,
    "maxResTime" : 3057.0,
    "pct1ResTime" : 86.0,
    "pct2ResTime" : 109.0,
    "pct3ResTime" : 233.6800000000003,
    "throughput" : 2.5911147469823197,
    "receivedKBytesPerSec" : 7.054714760338581,
    "sentKBytesPerSec" : 1.0897157307544618
  },
  "AB_AS_T03_CLICK_ON_LOGIN" : {
    "transaction" : "AB_AS_T03_CLICK_ON_LOGIN",
    "sampleCount" : 772,
    "errorCount" : 0,
    "errorPct" : 0.0,
    "meanResTime" : 66.0854922279793,
    "medianResTime" : 46.0,
    "minResTime" : 0.0,
    "maxResTime" : 693.0,
    "pct1ResTime" : 108.70000000000005,
    "pct2ResTime" : 164.39999999999964,
    "pct3ResTime" : 466.6399999999994,
    "throughput" : 2.6032182791783005,
    "receivedKBytesPerSec" : 7.580372283185976,
    "sentKBytesPerSec" : 1.7903975134544572
  },
  "AB_AS_T06_CLICK_ON_LOGOUT-85" : {
    "transaction" : "AB_AS_T06_CLICK_ON_LOGOUT-85",
    "sampleCount" : 726,
    "errorCount" : 0,
    "errorPct" : 0.0,
    "meanResTime" : 36.35674931129476,
    "medianResTime" : 16.0,
    "minResTime" : 6.0,
    "maxResTime" : 819.0,
    "pct1ResTime" : 63.0,
    "pct2ResTime" : 137.89999999999986,
    "pct3ResTime" : 307.57000000000016,
    "throughput" : 2.6207115628970774,
    "receivedKBytesPerSec" : 5.502470566629606,
    "sentKBytesPerSec" : 1.2950000496346887
  },
  "AB_AS_T05_CLICK_ON_SUMMARY" : {
    "transaction" : "AB_AS_T05_CLICK_ON_SUMMARY",
    "sampleCount" : 749,
    "errorCount" : 0,
    "errorPct" : 0.0,
    "meanResTime" : 65.21228304405882,
    "medianResTime" : 47.0,
    "minResTime" : 0.0,
    "maxResTime" : 951.0,
    "pct1ResTime" : 108.0,
    "pct2ResTime" : 181.5,
    "pct3ResTime" : 442.5,
    "throughput" : 2.602266647210467,
    "receivedKBytesPerSec" : 15.669677600355769,
    "sentKBytesPerSec" : 1.3018526166850806
  },
  "AB_AS_T04_CLICK_ON_ACCOUNTS" : {
    "transaction" : "AB_AS_T04_CLICK_ON_ACCOUNTS",
    "sampleCount" : 752,
    "errorCount" : 0,
    "errorPct" : 0.0,
    "meanResTime" : 47.73404255319151,
    "medianResTime" : 21.0,
    "minResTime" : 0.0,
    "maxResTime" : 679.0,
    "pct1ResTime" : 100.40000000000009,
    "pct2ResTime" : 226.05000000000007,
    "pct3ResTime" : 414.45000000000095,
    "throughput" : 2.5918522092782794,
    "receivedKBytesPerSec" : 9.307828090533881,
    "sentKBytesPerSec" : 1.3058822357310265
  },
  "AB_AS_T05_CLICK_ON_SUMMARY-80" : {
    "transaction" : "AB_AS_T05_CLICK_ON_SUMMARY-80",
    "sampleCount" : 734,
    "errorCount" : 0,
    "errorPct" : 0.0,
    "meanResTime" : 66.5422343324251,
    "medianResTime" : 47.0,
    "minResTime" : 20.0,
    "maxResTime" : 951.0,
    "pct1ResTime" : 109.5,
    "pct2ResTime" : 182.0,
    "pct3ResTime" : 450.14999999999884,
    "throughput" : 2.5936304111999604,
    "receivedKBytesPerSec" : 15.936836353935146,
    "sentKBytesPerSec" : 1.324048435341218
  },
  "AB_AS_T02_CLICK_ON_PERSONAL-56" : {
    "transaction" : "AB_AS_T02_CLICK_ON_PERSONAL-56",
    "sampleCount" : 772,
    "errorCount" : 0,
    "errorPct" : 0.0,
    "meanResTime" : 38.59974093264242,
    "medianResTime" : 19.0,
    "minResTime" : 5.0,
    "maxResTime" : 564.0,
    "pct1ResTime" : 75.40000000000009,
    "pct2ResTime" : 146.1999999999989,
    "pct3ResTime" : 378.2399999999998,
    "throughput" : 2.6029549607870903,
    "receivedKBytesPerSec" : 6.860718202308942,
    "sentKBytesPerSec" : 1.237928775296204
  },
  "Debug Sampler" : {
    "transaction" : "Debug Sampler",
    "sampleCount" : 726,
    "errorCount" : 0,
    "errorPct" : 0.0,
    "meanResTime" : 0.44352617079889783,
    "medianResTime" : 0.0,
    "minResTime" : 0.0,
    "maxResTime" : 16.0,
    "pct1ResTime" : 1.0,
    "pct2ResTime" : 1.0,
    "pct3ResTime" : 8.0,
    "throughput" : 2.6223776223776225,
    "receivedKBytesPerSec" : 1.2401216382726261,
    "sentKBytesPerSec" : 0.0
  },
  "Total" : {
    "transaction" : "Total",
    "sampleCount" : 5270,
    "errorCount" : 0,
    "errorPct" : 0.0,
    "meanResTime" : 43.61385199240978,
    "medianResTime" : 26.0,
    "minResTime" : 0.0,
    "maxResTime" : 3057.0,
    "pct1ResTime" : 86.0,
    "pct2ResTime" : 138.0,
    "pct3ResTime" : 346.5799999999999,
    "throughput" : 17.578913309605692,
    "receivedKBytesPerSec" : 51.615740867179134,
    "sentKBytesPerSec" : 7.7947662913496405
  },
  "AB_AS_T04_CLICK_ON_ACCOUNTS-76" : {
    "transaction" : "AB_AS_T04_CLICK_ON_ACCOUNTS-76",
    "sampleCount" : 749,
    "errorCount" : 0,
    "errorPct" : 0.0,
    "meanResTime" : 47.92523364485984,
    "medianResTime" : 21.0,
    "minResTime" : 6.0,
    "maxResTime" : 679.0,
    "pct1ResTime" : 101.0,
    "pct2ResTime" : 226.5,
    "pct3ResTime" : 415.5,
    "throughput" : 2.602149118083373,
    "receivedKBytesPerSec" : 9.382235354442935,
    "sentKBytesPerSec" : 1.3163215265304562
  },
  "AB_AS_T01_LAUNCH_APP-51" : {
    "transaction" : "AB_AS_T01_LAUNCH_APP-51",
    "sampleCount" : 776,
    "errorCount" : 0,
    "errorPct" : 0.0,
    "meanResTime" : 48.41881443298967,
    "medianResTime" : 31.0,
    "minResTime" : 10.0,
    "maxResTime" : 3057.0,
    "pct1ResTime" : 86.0,
    "pct2ResTime" : 109.0,
    "pct3ResTime" : 233.6800000000003,
    "throughput" : 2.593166871624873,
    "receivedKBytesPerSec" : 7.060301990322408,
    "sentKBytesPerSec" : 1.0905787695322944
  },
  "AB_AS_T02_CLICK_ON_PERSONAL" : {
    "transaction" : "AB_AS_T02_CLICK_ON_PERSONAL",
    "sampleCount" : 776,
    "errorCount" : 0,
    "errorPct" : 0.0,
    "meanResTime" : 38.40077319587621,
    "medianResTime" : 19.0,
    "minResTime" : 0.0,
    "maxResTime" : 564.0,
    "pct1ResTime" : 74.60000000000014,
    "pct2ResTime" : 143.79999999999973,
    "pct3ResTime" : 377.7600000000002,
    "throughput" : 2.5949011529921617,
    "receivedKBytesPerSec" : 6.8042353359661325,
    "sentKBytesPerSec" : 1.2277371651039297
  }
}