{
  "AB_AS_T02_CLICK_ON_PERSONAL-56" : {
    "transaction" : "AB_AS_T02_CLICK_ON_PERSONAL-56",
    "sampleCount" : 50,
    "errorCount" : 0,
    "errorPct" : 0.0,
    "meanResTime" : 17.72,
    "medianResTime" : 18.0,
    "minResTime" : 8.0,
    "maxResTime" : 24.0,
    "pct1ResTime" : 21.9,
    "pct2ResTime" : 23.449999999999996,
    "pct3ResTime" : 24.0,
    "throughput" : 2.638104785522081,
    "receivedKBytesPerSec" : 6.955940352450799,
    "sentKBytesPerSec" : 1.2572218118503666
  },
  "Total" : {
    "transaction" : "Total",
    "sampleCount" : 100,
    "errorCount" : 0,
    "errorPct" : 0.0,
    "meanResTime" : 29.080000000000002,
    "medianResTime" : 24.0,
    "minResTime" : 8.0,
    "maxResTime" : 155.0,
    "pct1ResTime" : 39.0,
    "pct2ResTime" : 42.89999999999998,
    "pct3ResTime" : 155.0,
    "throughput" : 4.5160998961297025,
    "receivedKBytesPerSec" : 12.103941567312468,
    "sentKBytesPerSec" : 1.8545117249243552
  },
  "AB_AS_T01_LAUNCH_APP" : {
    "transaction" : "AB_AS_T01_LAUNCH_APP",
    "sampleCount" : 50,
    "errorCount" : 0,
    "errorPct" : 0.0,
    "meanResTime" : 40.44,
    "medianResTime" : 35.5,
    "minResTime" : 24.0,
    "maxResTime" : 155.0,
    "pct1ResTime" : 42.8,
    "pct2ResTime" : 96.69999999999955,
    "pct3ResTime" : 155.0,
    "throughput" : 2.563445270443476,
    "receivedKBytesPerSec" : 6.981883651627788,
    "sentKBytesPerSec" : 0.8836876762368624
  },
  "AB_AS_T01_LAUNCH_APP-51" : {
    "transaction" : "AB_AS_T01_LAUNCH_APP-51",
    "sampleCount" : 50,
    "errorCount" : 0,
    "errorPct" : 0.0,
    "meanResTime" : 40.44,
    "medianResTime" : 35.5,
    "minResTime" : 24.0,
    "maxResTime" : 155.0,
    "pct1ResTime" : 42.8,
    "pct2ResTime" : 96.69999999999955,
    "pct3ResTime" : 155.0,
    "throughput" : 2.614925997594268,
    "receivedKBytesPerSec" : 7.1220982493070455,
    "sentKBytesPerSec" : 0.9014344503425553
  },
  "AB_AS_T02_CLICK_ON_PERSONAL" : {
    "transaction" : "AB_AS_T02_CLICK_ON_PERSONAL",
    "sampleCount" : 50,
    "errorCount" : 0,
    "errorPct" : 0.0,
    "meanResTime" : 17.72,
    "medianResTime" : 18.0,
    "minResTime" : 8.0,
    "maxResTime" : 24.0,
    "pct1ResTime" : 21.9,
    "pct2ResTime" : 23.449999999999996,
    "pct3ResTime" : 24.0,
    "throughput" : 2.637826431020839,
    "receivedKBytesPerSec" : 6.955206409918228,
    "sentKBytesPerSec" : 1.2570891585333686
  }
}