{
  "AB_AS_T02_CLICK_ON_PERSONAL-56" : {
    "transaction" : "AB_AS_T02_CLICK_ON_PERSONAL-56",
    "sampleCount" : 50,
    "errorCount" : 0,
    "errorPct" : 0.0,
    "meanResTime" : 34.86000000000001,
    "medianResTime" : 21.5,
    "minResTime" : 12.0,
    "maxResTime" : 530.0,
    "pct1ResTime" : 39.699999999999996,
    "pct2ResTime" : 61.84999999999986,
    "pct3ResTime" : 530.0,
    "throughput" : 2.6116479498563594,
    "receivedKBytesPerSec" : 6.883630680334291,
    "sentKBytesPerSec" : 1.2420630386523897
  },
  "Total" : {
    "transaction" : "Total",
    "sampleCount" : 100,
    "errorCount" : 0,
    "errorPct" : 0.0,
    "meanResTime" : 80.71,
    "medianResTime" : 32.0,
    "minResTime" : 12.0,
    "maxResTime" : 3059.0,
    "pct1ResTime" : 55.900000000000006,
    "pct2ResTime" : 133.89999999999975,
    "pct3ResTime" : 3038.78999999999,
    "throughput" : 4.490144133626689,
    "receivedKBytesPerSec" : 12.029990654887522,
    "sentKBytesPerSec" : 1.8416606798078217
  },
  "AB_AS_T01_LAUNCH_APP" : {
    "transaction" : "AB_AS_T01_LAUNCH_APP",
    "sampleCount" : 50,
    "errorCount" : 0,
    "errorPct" : 0.0,
    "meanResTime" : 126.55999999999997,
    "medianResTime" : 37.5,
    "minResTime" : 19.0,
    "maxResTime" : 3059.0,
    "pct1ResTime" : 107.69999999999993,
    "pct2ResTime" : 602.9499999999966,
    "pct3ResTime" : 3059.0,
    "throughput" : 2.567130461570057,
    "receivedKBytesPerSec" : 6.9894137957591,
    "sentKBytesPerSec" : 0.8849580595060841
  },
  "AB_AS_T01_LAUNCH_APP-51" : {
    "transaction" : "AB_AS_T01_LAUNCH_APP-51",
    "sampleCount" : 50,
    "errorCount" : 0,
    "errorPct" : 0.0,
    "meanResTime" : 126.55999999999997,
    "medianResTime" : 37.5,
    "minResTime" : 19.0,
    "maxResTime" : 3059.0,
    "pct1ResTime" : 107.69999999999993,
    "pct2ResTime" : 602.9499999999966,
    "pct3ResTime" : 3059.0,
    "throughput" : 2.5975375344173726,
    "receivedKBytesPerSec" : 7.072201802691049,
    "sentKBytesPerSec" : 0.8954401852044263
  },
  "AB_AS_T02_CLICK_ON_PERSONAL" : {
    "transaction" : "AB_AS_T02_CLICK_ON_PERSONAL",
    "sampleCount" : 50,
    "errorCount" : 0,
    "errorPct" : 0.0,
    "meanResTime" : 34.86000000000001,
    "medianResTime" : 21.5,
    "minResTime" : 12.0,
    "maxResTime" : 530.0,
    "pct1ResTime" : 39.699999999999996,
    "pct2ResTime" : 61.84999999999986,
    "pct3ResTime" : 530.0,
    "throughput" : 2.611375150154071,
    "receivedKBytesPerSec" : 6.882911650650233,
    "sentKBytesPerSec" : 1.2419332989502272
  }
}