{
  "01_launch-67" : {
    "transaction" : "01_launch-67",
    "sampleCount" : 20,
    "errorCount" : 0,
    "errorPct" : 0.0,
    "meanResTime" : 16.9,
    "medianResTime" : 18.0,
    "minResTime" : 7.0,
    "maxResTime" : 35.0,
    "pct1ResTime" : 22.900000000000002,
    "pct2ResTime" : 34.39999999999999,
    "pct3ResTime" : 35.0,
    "throughput" : 0.21090594649316138,
    "receivedKBytesPerSec" : 0.13675932467915933,
    "sentKBytesPerSec" : 0.07352873329888537
  },
  "01_launch" : {
    "transaction" : "01_launch",
    "sampleCount" : 20,
    "errorCount" : 0,
    "errorPct" : 0.0,
    "meanResTime" : 258.0,
    "medianResTime" : 260.0,
    "minResTime" : 179.0,
    "maxResTime" : 323.0,
    "pct1ResTime" : 311.8,
    "pct2ResTime" : 322.45,
    "pct3ResTime" : 323.0,
    "throughput" : 0.21005314344529166,
    "receivedKBytesPerSec" : 0.9129619364011595,
    "sentKBytesPerSec" : 0.34256713823597373
  },
  "01_launch-68" : {
    "transaction" : "01_launch-68",
    "sampleCount" : 20,
    "errorCount" : 0,
    "errorPct" : 0.0,
    "meanResTime" : 4.749999999999999,
    "medianResTime" : 5.0,
    "minResTime" : 2.0,
    "maxResTime" : 8.0,
    "pct1ResTime" : 6.0,
    "pct2ResTime" : 7.899999999999999,
    "pct3ResTime" : 8.0,
    "throughput" : 0.2109704641350211,
    "receivedKBytesPerSec" : 0.20746802478902954,
    "sentKBytesPerSec" : 0.08467662183544304
  },
  "Total" : {
    "transaction" : "Total",
    "sampleCount" : 80,
    "errorCount" : 0,
    "errorPct" : 0.0,
    "meanResTime" : 64.5,
    "medianResTime" : 46.0,
    "minResTime" : 2.0,
    "maxResTime" : 229.0,
    "pct1ResTime" : 181.0,
    "pct2ResTime" : 196.95,
    "pct3ResTime" : 229.0,
    "throughput" : 0.8410252097306616,
    "receivedKBytesPerSec" : 0.913844934005803,
    "sentKBytesPerSec" : 0.34289846197514773
  },
  "01_launch-69" : {
    "transaction" : "01_launch-69",
    "sampleCount" : 20,
    "errorCount" : 0,
    "errorPct" : 0.0,
    "meanResTime" : 72.3,
    "medianResTime" : 69.0,
    "minResTime" : 57.0,
    "maxResTime" : 99.0,
    "pct1ResTime" : 95.0,
    "pct2ResTime" : 98.8,
    "pct3ResTime" : 99.0,
    "throughput" : 0.2108081329777703,
    "receivedKBytesPerSec" : 0.21101400029513137,
    "sentKBytesPerSec" : 0.09099335427360787
  },
  "01_launch-70" : {
    "transaction" : "01_launch-70",
    "sampleCount" : 20,
    "errorCount" : 0,
    "errorPct" : 0.0,
    "meanResTime" : 164.04999999999995,
    "medianResTime" : 172.5,
    "minResTime" : 109.0,
    "maxResTime" : 229.0,
    "pct1ResTime" : 216.10000000000002,
    "pct2ResTime" : 228.39999999999998,
    "pct3ResTime" : 229.0,
    "throughput" : 0.21047978867829217,
    "receivedKBytesPerSec" : 0.36066246211363806,
    "sentKBytesPerSec" : 0.09455146757032656
  }
}