{
  "01_launch-67" : {
    "transaction" : "01_launch-67",
    "sampleCount" : 20,
    "errorCount" : 0,
    "errorPct" : 0.0,
    "meanResTime" : 28.45,
    "medianResTime" : 26.0,
    "minResTime" : 13.0,
    "maxResTime" : 79.0,
    "pct1ResTime" : 34.900000000000006,
    "pct2ResTime" : 76.79999999999997,
    "pct3ResTime" : 79.0,
    "throughput" : 0.2114276653100058,
    "receivedKBytesPerSec" : 0.13709762672445688,
    "sentKBytesPerSec" : 0.07371062159733602
  },
  "01_launch" : {
    "transaction" : "01_launch",
    "sampleCount" : 20,
    "errorCount" : 0,
    "errorPct" : 0.0,
    "meanResTime" : 544.5000000000001,
    "medianResTime" : 552.5,
    "minResTime" : 417.0,
    "maxResTime" : 643.0,
    "pct1ResTime" : 617.7,
    "pct2ResTime" : 641.75,
    "pct3ResTime" : 643.0,
    "throughput" : 0.20973374301324468,
    "receivedKBytesPerSec" : 0.9115327505793895,
    "sentKBytesPerSec" : 0.3420462410469909
  },
  "01_launch-68" : {
    "transaction" : "01_launch-68",
    "sampleCount" : 20,
    "errorCount" : 0,
    "errorPct" : 0.0,
    "meanResTime" : 12.549999999999997,
    "medianResTime" : 13.0,
    "minResTime" : 5.0,
    "maxResTime" : 16.0,
    "pct1ResTime" : 15.900000000000002,
    "pct2ResTime" : 16.0,
    "pct3ResTime" : 16.0,
    "throughput" : 0.2115775220040623,
    "receivedKBytesPerSec" : 0.20806500454891672,
    "sentKBytesPerSec" : 0.08492027494498984
  },
  "Total" : {
    "transaction" : "Total",
    "sampleCount" : 80,
    "errorCount" : 0,
    "errorPct" : 0.0,
    "meanResTime" : 136.12500000000006,
    "medianResTime" : 100.0,
    "minResTime" : 5.0,
    "maxResTime" : 328.0,
    "pct1ResTime" : 298.6,
    "pct2ResTime" : 308.8,
    "pct3ResTime" : 328.0,
    "throughput" : 0.840733540013662,
    "receivedKBytesPerSec" : 0.9134869587777836,
    "sentKBytesPerSec" : 0.34277954390205456
  },
  "01_launch-69" : {
    "transaction" : "01_launch-69",
    "sampleCount" : 20,
    "errorCount" : 0,
    "errorPct" : 0.0,
    "meanResTime" : 218.35000000000002,
    "medianResTime" : 250.5,
    "minResTime" : 121.0,
    "maxResTime" : 274.0,
    "pct1ResTime" : 270.8,
    "pct2ResTime" : 273.85,
    "pct3ResTime" : 274.0,
    "throughput" : 0.21101943488995337,
    "receivedKBytesPerSec" : 0.21122550855683808,
    "sentKBytesPerSec" : 0.09108456076304627
  },
  "01_launch-70" : {
    "transaction" : "01_launch-70",
    "sampleCount" : 20,
    "errorCount" : 0,
    "errorPct" : 0.0,
    "meanResTime" : 285.15,
    "medianResTime" : 292.0,
    "minResTime" : 201.0,
    "maxResTime" : 328.0,
    "pct1ResTime" : 310.9,
    "pct2ResTime" : 327.15,
    "pct3ResTime" : 328.0,
    "throughput" : 0.21071041014781336,
    "receivedKBytesPerSec" : 0.36101648348030385,
    "sentKBytesPerSec" : 0.09465506705858803
  }
}