{
  "AB_AS_T02_CLICK_ON_PERSONAL-56" : {
    "transaction" : "AB_AS_T02_CLICK_ON_PERSONAL-56",
    "sampleCount" : 50,
    "errorCount" : 0,
    "errorPct" : 0.0,
    "meanResTime" : 12.840000000000003,
    "medianResTime" : 11.0,
    "minResTime" : 6.0,
    "maxResTime" : 66.0,
    "pct1ResTime" : 18.9,
    "pct2ResTime" : 24.24999999999998,
    "pct3ResTime" : 66.0,
    "throughput" : 2.654350480437437,
    "receivedKBytesPerSec" : 6.9987756808408985,
    "sentKBytesPerSec" : 1.264963900833466
  },
  "Total" : {
    "transaction" : "Total",
    "sampleCount" : 100,
    "errorCount" : 0,
    "errorPct" : 0.0,
    "meanResTime" : 20.179999999999986,
    "medianResTime" : 15.0,
    "minResTime" : 6.0,
    "maxResTime" : 173.0,
    "pct1ResTime" : 31.600000000000023,
    "pct2ResTime" : 45.59999999999991,
    "pct3ResTime" : 173.0,
    "throughput" : 4.536176003628941,
    "receivedKBytesPerSec" : 12.157749064413698,
    "sentKBytesPerSec" : 1.8627558686777046
  },
  "AB_AS_T01_LAUNCH_APP" : {
    "transaction" : "AB_AS_T01_LAUNCH_APP",
    "sampleCount" : 50,
    "errorCount" : 0,
    "errorPct" : 0.0,
    "meanResTime" : 27.52000000000001,
    "medianResTime" : 19.0,
    "minResTime" : 11.0,
    "maxResTime" : 173.0,
    "pct1ResTime" : 38.0,
    "pct2ResTime" : 109.1999999999995,
    "pct3ResTime" : 173.0,
    "throughput" : 2.565944780868316,
    "receivedKBytesPerSec" : 6.988691400236067,
    "sentKBytesPerSec" : 0.8845493238735502
  },
  "AB_AS_T01_LAUNCH_APP-51" : {
    "transaction" : "AB_AS_T01_LAUNCH_APP-51",
    "sampleCount" : 50,
    "errorCount" : 0,
    "errorPct" : 0.0,
    "meanResTime" : 27.52000000000001,
    "medianResTime" : 19.0,
    "minResTime" : 11.0,
    "maxResTime" : 173.0,
    "pct1ResTime" : 38.0,
    "pct2ResTime" : 109.1999999999995,
    "pct3ResTime" : 173.0,
    "throughput" : 2.626878217925817,
    "receivedKBytesPerSec" : 7.154651708784281,
    "sentKBytesPerSec" : 0.9055546981716928
  },
  "AB_AS_T02_CLICK_ON_PERSONAL" : {
    "transaction" : "AB_AS_T02_CLICK_ON_PERSONAL",
    "sampleCount" : 50,
    "errorCount" : 0,
    "errorPct" : 0.0,
    "meanResTime" : 12.840000000000003,
    "medianResTime" : 11.0,
    "minResTime" : 6.0,
    "maxResTime" : 66.0,
    "pct1ResTime" : 18.9,
    "pct2ResTime" : 24.24999999999998,
    "pct3ResTime" : 66.0,
    "throughput" : 2.654068687297627,
    "receivedKBytesPerSec" : 6.998032671585541,
    "sentKBytesPerSec" : 1.2648296087902755
  }
}