{
  "01_launch-67" : {
    "transaction" : "01_launch-67",
    "sampleCount" : 20,
    "errorCount" : 0,
    "errorPct" : 0.0,
    "meanResTime" : 16.849999999999998,
    "medianResTime" : 20.0,
    "minResTime" : 4.0,
    "maxResTime" : 32.0,
    "pct1ResTime" : 25.800000000000004,
    "pct2ResTime" : 31.699999999999996,
    "pct3ResTime" : 32.0,
    "throughput" : 0.21092596498628982,
    "receivedKBytesPerSec" : 0.1367723054207973,
    "sentKBytesPerSec" : 0.07353571240244675
  },
  "01_launch" : {
    "transaction" : "01_launch",
    "sampleCount" : 20,
    "errorCount" : 0,
    "errorPct" : 0.0,
    "meanResTime" : 261.94999999999993,
    "medianResTime" : 262.0,
    "minResTime" : 164.0,
    "maxResTime" : 340.0,
    "pct1ResTime" : 337.1,
    "pct2ResTime" : 339.9,
    "pct3ResTime" : 340.0,
    "throughput" : 0.21023420089980238,
    "receivedKBytesPerSec" : 0.9137796693016019,
    "sentKBytesPerSec" : 0.3428624174830761
  },
  "01_launch-68" : {
    "transaction" : "01_launch-68",
    "sampleCount" : 20,
    "errorCount" : 0,
    "errorPct" : 0.0,
    "meanResTime" : 4.949999999999999,
    "medianResTime" : 5.5,
    "minResTime" : 2.0,
    "maxResTime" : 8.0,
    "pct1ResTime" : 7.0,
    "pct2ResTime" : 7.949999999999999,
    "pct3ResTime" : 8.0,
    "throughput" : 0.21099049487820573,
    "receivedKBytesPerSec" : 0.20748772299057927,
    "sentKBytesPerSec" : 0.0846846615184986
  },
  "Total" : {
    "transaction" : "Total",
    "sampleCount" : 80,
    "errorCount" : 0,
    "errorPct" : 0.0,
    "meanResTime" : 65.48750000000001,
    "medianResTime" : 42.0,
    "minResTime" : 2.0,
    "maxResTime" : 248.0,
    "pct1ResTime" : 188.8,
    "pct2ResTime" : 218.20000000000005,
    "pct3ResTime" : 248.0,
    "throughput" : 0.8418039859418734,
    "receivedKBytesPerSec" : 0.9147219679272681,
    "sentKBytesPerSec" : 0.3432159805964181
  },
  "01_launch-69" : {
    "transaction" : "01_launch-69",
    "sampleCount" : 20,
    "errorCount" : 0,
    "errorPct" : 0.0,
    "meanResTime" : 71.05,
    "medianResTime" : 72.0,
    "minResTime" : 52.0,
    "maxResTime" : 89.0,
    "pct1ResTime" : 84.9,
    "pct2ResTime" : 88.8,
    "pct3ResTime" : 89.0,
    "throughput" : 0.2108081329777703,
    "receivedKBytesPerSec" : 0.21101400029513137,
    "sentKBytesPerSec" : 0.09099335427360787
  },
  "01_launch-70" : {
    "transaction" : "01_launch-70",
    "sampleCount" : 20,
    "errorCount" : 0,
    "errorPct" : 0.0,
    "meanResTime" : 169.1,
    "medianResTime" : 163.5,
    "minResTime" : 104.0,
    "maxResTime" : 248.0,
    "pct1ResTime" : 222.60000000000002,
    "pct2ResTime" : 246.74999999999997,
    "pct3ResTime" : 248.0,
    "throughput" : 0.21066380163896437,
    "receivedKBytesPerSec" : 0.36100863194927213,
    "sentKBytesPerSec" : 0.09463412964250352
  }
}