{
  "01_launch-67" : {
    "transaction" : "01_launch-67",
    "sampleCount" : 20,
    "errorCount" : 0,
    "errorPct" : 0.0,
    "meanResTime" : 11.799999999999997,
    "medianResTime" : 8.0,
    "minResTime" : 6.0,
    "maxResTime" : 35.0,
    "pct1ResTime" : 22.900000000000002,
    "pct2ResTime" : 34.39999999999999,
    "pct3ResTime" : 35.0,
    "throughput" : 0.21095711241904522,
    "receivedKBytesPerSec" : 0.13679250258422462,
    "sentKBytesPerSec" : 0.07354657141953042
  },
  "01_launch" : {
    "transaction" : "01_launch",
    "sampleCount" : 20,
    "errorCount" : 0,
    "errorPct" : 0.0,
    "meanResTime" : 220.40000000000003,
    "medianResTime" : 194.0,
    "minResTime" : 176.0,
    "maxResTime" : 360.0,
    "pct1ResTime" : 330.30000000000007,
    "pct2ResTime" : 358.65,
    "pct3ResTime" : 360.0,
    "throughput" : 0.2103425428310003,
    "receivedKBytesPerSec" : 0.9141786813888918,
    "sentKBytesPerSec" : 0.3430391079372759
  },
  "01_launch-68" : {
    "transaction" : "01_launch-68",
    "sampleCount" : 20,
    "errorCount" : 0,
    "errorPct" : 0.0,
    "meanResTime" : 3.85,
    "medianResTime" : 4.0,
    "minResTime" : 2.0,
    "maxResTime" : 5.0,
    "pct1ResTime" : 5.0,
    "pct2ResTime" : 5.0,
    "pct3ResTime" : 5.0,
    "throughput" : 0.21103056777774262,
    "receivedKBytesPerSec" : 0.20752713061736994,
    "sentKBytesPerSec" : 0.08470074546548068
  },
  "Total" : {
    "transaction" : "Total",
    "sampleCount" : 80,
    "errorCount" : 0,
    "errorPct" : 0.0,
    "meanResTime" : 55.099999999999994,
    "medianResTime" : 42.0,
    "minResTime" : 2.0,
    "maxResTime" : 252.0,
    "pct1ResTime" : 125.70000000000002,
    "pct2ResTime" : 184.35000000000002,
    "pct3ResTime" : 252.0,
    "throughput" : 0.8423091906461565,
    "receivedKBytesPerSec" : 0.9151989593533171,
    "sentKBytesPerSec" : 0.34342196005348663
  },
  "01_launch-69" : {
    "transaction" : "01_launch-69",
    "sampleCount" : 20,
    "errorCount" : 0,
    "errorPct" : 0.0,
    "meanResTime" : 61.4,
    "medianResTime" : 59.5,
    "minResTime" : 49.0,
    "maxResTime" : 85.0,
    "pct1ResTime" : 80.0,
    "pct2ResTime" : 84.75,
    "pct3ResTime" : 85.0,
    "throughput" : 0.2109126189019889,
    "receivedKBytesPerSec" : 0.21111858825638538,
    "sentKBytesPerSec" : 0.09103845464324131
  },
  "01_launch-70" : {
    "transaction" : "01_launch-70",
    "sampleCount" : 20,
    "errorCount" : 0,
    "errorPct" : 0.0,
    "meanResTime" : 143.35,
    "medianResTime" : 123.0,
    "minResTime" : 111.0,
    "maxResTime" : 252.0,
    "pct1ResTime" : 237.8000000000001,
    "pct2ResTime" : 251.5,
    "pct3ResTime" : 252.0,
    "throughput" : 0.2107836937734497,
    "receivedKBytesPerSec" : 0.3611420425203406,
    "sentKBytesPerSec" : 0.09468798743729186
  }
}