{
  "03_flights-74" : {
    "transaction" : "03_flights-74",
    "sampleCount" : 153,
    "errorCount" : 0,
    "errorPct" : 0.0,
    "meanResTime" : 211.32026143790847,
    "medianResTime" : 221.0,
    "minResTime" : 108.0,
    "maxResTime" : 346.0,
    "pct1ResTime" : 285.2,
    "pct2ResTime" : 302.29999999999995,
    "pct3ResTime" : 331.4200000000002,
    "throughput" : 0.528572267575028,
    "receivedKBytesPerSec" : 0.4351429898103013,
    "sentKBytesPerSec" : 0.3129356186886571
  },
  "07_logout-84" : {
    "transaction" : "07_logout-84",
    "sampleCount" : 136,
    "errorCount" : 0,
    "errorPct" : 0.0,
    "meanResTime" : 214.76470588235293,
    "medianResTime" : 215.0,
    "minResTime" : 113.0,
    "maxResTime" : 331.0,
    "pct1ResTime" : 297.6,
    "pct2ResTime" : 307.3,
    "pct3ResTime" : 330.63,
    "throughput" : 0.5160037030853987,
    "receivedKBytesPerSec" : 0.5165076129516929,
    "sentKBytesPerSec" : 0.31003054523758933
  },
  "01_launch-67" : {
    "transaction" : "01_launch-67",
    "sampleCount" : 156,
    "errorCount" : 0,
    "errorPct" : 0.0,
    "meanResTime" : 451.9294871794872,
    "medianResTime" : 11.0,
    "minResTime" : 6.0,
    "maxResTime" : 68268.0,
    "pct1ResTime" : 23.30000000000001,
    "pct2ResTime" : 27.0,
    "pct3ResTime" : 29405.970000000467,
    "throughput" : 0.5224730390515104,
    "receivedKBytesPerSec" : 0.33879111125996386,
    "sentKBytesPerSec" : 0.1946060310469556
  },
  "01_launch" : {
    "transaction" : "01_launch",
    "sampleCount" : 156,
    "errorCount" : 0,
    "errorPct" : 0.0,
    "meanResTime" : 881.3910256410251,
    "medianResTime" : 408.0,
    "minResTime" : 306.0,
    "maxResTime" : 68860.0,
    "pct1ResTime" : 575.0,
    "pct2ResTime" : 620.15,
    "pct3ResTime" : 30810.220000000456,
    "throughput" : 0.5214147720815814,
    "receivedKBytesPerSec" : 2.26617492964243,
    "sentKBytesPerSec" : 0.8876428459219349
  },
  "01_launch-68" : {
    "transaction" : "01_launch-68",
    "sampleCount" : 156,
    "errorCount" : 0,
    "errorPct" : 0.0,
    "meanResTime" : 7.051282051282052,
    "medianResTime" : 5.0,
    "minResTime" : 3.0,
    "maxResTime" : 64.0,
    "pct1ResTime" : 11.0,
    "pct2ResTime" : 13.150000000000006,
    "pct3ResTime" : 41.770000000000266,
    "throughput" : 0.5226183177720379,
    "receivedKBytesPerSec" : 0.513945308704945,
    "sentKBytesPerSec" : 0.22222009350177724
  },
  "03_flights-75" : {
    "transaction" : "03_flights-75",
    "sampleCount" : 153,
    "errorCount" : 0,
    "errorPct" : 0.0,
    "meanResTime" : 248.88235294117644,
    "medianResTime" : 222.0,
    "minResTime" : 158.0,
    "maxResTime" : 386.0,
    "pct1ResTime" : 341.0,
    "pct2ResTime" : 354.59999999999997,
    "pct3ResTime" : 375.7400000000001,
    "throughput" : 0.5285448779510422,
    "receivedKBytesPerSec" : 0.9027587807972391,
    "sentKBytesPerSec" : 0.3144678742736826
  },
  "04_find_flights" : {
    "transaction" : "04_find_flights",
    "sampleCount" : 152,
    "errorCount" : 0,
    "errorPct" : 0.0,
    "meanResTime" : 1169.184210526316,
    "medianResTime" : 258.0,
    "minResTime" : 0.0,
    "maxResTime" : 69657.0,
    "pct1ResTime" : 375.0,
    "pct2ResTime" : 387.7,
    "pct3ResTime" : 69205.44,
    "throughput" : 0.5321700283240495,
    "receivedKBytesPerSec" : 1.368181762979522,
    "sentKBytesPerSec" : 0.4783163963073702
  },
  "01_launch-69" : {
    "transaction" : "01_launch-69",
    "sampleCount" : 156,
    "errorCount" : 0,
    "errorPct" : 0.0,
    "meanResTime" : 181.7179487179487,
    "medianResTime" : 150.0,
    "minResTime" : 102.0,
    "maxResTime" : 1643.0,
    "pct1ResTime" : 282.90000000000003,
    "pct2ResTime" : 295.3,
    "pct3ResTime" : 890.0300000000091,
    "throughput" : 0.5223768145060024,
    "receivedKBytesPerSec" : 0.5228869481139183,
    "sentKBytesPerSec" : 0.23793154687159912
  },
  "03_flights-76" : {
    "transaction" : "03_flights-76",
    "sampleCount" : 153,
    "errorCount" : 0,
    "errorPct" : 0.0,
    "meanResTime" : 299.7973856209151,
    "medianResTime" : 261.0,
    "minResTime" : 207.0,
    "maxResTime" : 1131.0,
    "pct1ResTime" : 413.6,
    "pct2ResTime" : 434.0,
    "pct3ResTime" : 769.7400000000054,
    "throughput" : 0.5283970230180794,
    "receivedKBytesPerSec" : 2.3323774844157414,
    "sentKBytesPerSec" : 0.314895917873979
  },
  "05_select_flights-81" : {
    "transaction" : "05_select_flights-81",
    "sampleCount" : 147,
    "errorCount" : 0,
    "errorPct" : 0.0,
    "meanResTime" : 267.60544217687067,
    "medianResTime" : 251.0,
    "minResTime" : 146.0,
    "maxResTime" : 409.0,
    "pct1ResTime" : 381.40000000000003,
    "pct2ResTime" : 395.79999999999995,
    "pct3ResTime" : 406.12000000000006,
    "throughput" : 0.530860318732869,
    "receivedKBytesPerSec" : 1.5545001358749626,
    "sentKBytesPerSec" : 0.43507989650932255
  },
  "05_select_flights" : {
    "transaction" : "05_select_flights",
    "sampleCount" : 148,
    "errorCount" : 0,
    "errorPct" : 0.0,
    "meanResTime" : 265.79729729729723,
    "medianResTime" : 250.0,
    "minResTime" : 0.0,
    "maxResTime" : 409.0,
    "pct1ResTime" : 381.2,
    "pct2ResTime" : 395.65,
    "pct3ResTime" : 406.05999999999995,
    "throughput" : 0.5229681978798586,
    "receivedKBytesPerSec" : 1.5210426788869258,
    "sentKBytesPerSec" : 0.42571568573321555
  },
  "01_launch-70" : {
    "transaction" : "01_launch-70",
    "sampleCount" : 156,
    "errorCount" : 0,
    "errorPct" : 0.0,
    "meanResTime" : 240.69230769230765,
    "medianResTime" : 212.0,
    "minResTime" : 163.0,
    "maxResTime" : 390.0,
    "pct1ResTime" : 335.3,
    "pct2ResTime" : 349.75,
    "pct3ResTime" : 383.7300000000001,
    "throughput" : 0.5249485146649078,
    "receivedKBytesPerSec" : 0.8994389980802363,
    "sentKBytesPerSec" : 0.23581671557212655
  },
  "06_payment" : {
    "transaction" : "06_payment",
    "sampleCount" : 147,
    "errorCount" : 0,
    "errorPct" : 0.0,
    "meanResTime" : 362.54421768707493,
    "medianResTime" : 244.0,
    "minResTime" : 0.0,
    "maxResTime" : 15951.0,
    "pct1ResTime" : 384.6,
    "pct2ResTime" : 395.0,
    "pct3ResTime" : 8496.120000000159,
    "throughput" : 0.5262743357129048,
    "receivedKBytesPerSec" : 1.4185577040118573,
    "sentKBytesPerSec" : 0.4979097544679617
  },
  "07_logout-85" : {
    "transaction" : "07_logout-85",
    "sampleCount" : 136,
    "errorCount" : 0,
    "errorPct" : 0.0,
    "meanResTime" : 240.09558823529403,
    "medianResTime" : 212.5,
    "minResTime" : 159.0,
    "maxResTime" : 381.0,
    "pct1ResTime" : 337.6,
    "pct2ResTime" : 354.0,
    "pct3ResTime" : 379.89,
    "throughput" : 0.5157766990291263,
    "receivedKBytesPerSec" : 0.883657955428929,
    "sentKBytesPerSec" : 0.2316965640169903
  },
  "06_payment-82" : {
    "transaction" : "06_payment-82",
    "sampleCount" : 140,
    "errorCount" : 0,
    "errorPct" : 0.0,
    "meanResTime" : 269.3928571428571,
    "medianResTime" : 246.5,
    "minResTime" : 151.0,
    "maxResTime" : 420.0,
    "pct1ResTime" : 383.70000000000005,
    "pct2ResTime" : 394.95,
    "pct3ResTime" : 416.31000000000006,
    "throughput" : 0.52131042546378,
    "receivedKBytesPerSec" : 1.4754365043901787,
    "sentKBytesPerSec" : 0.5178740530303031
  },
  "03_flights" : {
    "transaction" : "03_flights",
    "sampleCount" : 153,
    "errorCount" : 0,
    "errorPct" : 0.0,
    "meanResTime" : 767.8496732026141,
    "medianResTime" : 754.0,
    "minResTime" : 504.0,
    "maxResTime" : 2147.0,
    "pct1ResTime" : 950.4,
    "pct2ResTime" : 1015.0999999999999,
    "pct3ResTime" : 1922.3600000000033,
    "throughput" : 0.525128965495938,
    "receivedKBytesPerSec" : 3.6471847681710066,
    "sentKBytesPerSec" : 0.9362808931568487
  },
  "02_login-72" : {
    "transaction" : "02_login-72",
    "sampleCount" : 153,
    "errorCount" : 0,
    "errorPct" : 0.0,
    "meanResTime" : 243.11111111111106,
    "medianResTime" : 217.0,
    "minResTime" : 162.0,
    "maxResTime" : 366.0,